p_id,img_file,sort
1,CLDL438A.jpg,1
2,CLDL439A.jpg,1
3,CLDL191.jpg,1
4,CLDL444.jpg,1
5,CLDL222.jpg,1
6,CLDL441.jpg,1
7,CLDL443.jpg,1
8,CLDL336.jpeg,1
9,CLDL429.jpg,1
10,CLDL434D.jpg,1
11,CLDL434A.jpg,1
12,CLDL449.jpg,1
13,CLDL431A.jpg,1
14,CLDL439.jpg,1
15,CLDL437.jpg,1
16,CLDL436.jpg,1
17,CLDL448.jpg,1
18,CLDL452.jpg,1
19,CLDL404.jpg,1
20,CLDL445.jpg,1
21,CLDL434B.jpg,1
22,CLDL404.jpg,1
23,CLDL191.jpg,1
24,CLDL222.jpg,1
25,CLDL336.jpeg,1
26,CLDL437.jpg,1
27,CLDL452.jpg,1
28,CLDL440.jpg,1
29,CLDL421A.jpg,1
30,CLDL418.jpg,1
31,CLDL213A.jpeg,1
32,CLDL417.jpeg,1
33,CLDL208B.jpg,1
34,CLDL214.jpg,1
35,CLDL145.jpg,1
36,CLDL329B.jpg,1
37,CLDL326A.jpg,1
38,CLTP177.jpg,1
39,CLTP191.jpg,1
40,CLTP206.jpg,1
41,CLTP215.jpg,1
42,CLTP210.jpg,1
43,CLTP178.jpg,1
44,CLTP142A.jpg,1
45,CLTP178A.jpg,1
46,CLTP142.jpg,1
47,CLTP252.jpg,1
48,CLTP211.jpg,1
49,CLTP207.jpg,1
50,CLTP212.jpg,1
51,CLTP102.jpg,1
52,CLTP120A.jpg,1
53,CLTP149.jpg,1
54,CLTP244.jpg,1
55,CLTP261A.jpg,1
56,CLTP156A.jpg,1
57,CLTP103A.jpg,1
58,CLTP103.jpeg,1
59,CLTP113.jpeg,1
60,CLTP129.jpg,1
61,CLTP232.jpg,1
62,CLTP173.jpg,1
63,CLTP165.jpg,1
64,CLTP203.jpg,1
65,CLTP217A.jpeg,1
66,CLTP133A.jpg,1
67,CLTP154.jpg,1
68,CLTP164.jpg,1
69,CLTP192A.jpg,1
70,CLTP224.jpg,1
71,CLTP213.jpeg,1
72,CLTP198.jpg,1
73,CLTP193.jpg,1
74,CLTP230.jpg,1
75,CLTP146.jpg,1
76,CLTP238.jpg,1
77,CLTP239.jpeg,1
78,CLTP188.jpeg,1
79,CLTP166.jpg,1
80,CLTP128.jpg,1
81,CLTP201.jpg,1
82,CLTP145.jpg,1
83,CLTP140A.jpg,1
84,CLTP146A.jpeg,1
85,CLTP189.jpg,1
86,CLTP146B.jpg,1
87,CLTP128B.jpg,1
88,CLTP112.jpeg,1
89,CLTP114.jpg,1
90,CLTP138.jpg,1
91,CLTP108.jpg,1
92,CLTP105.jpg,1
93,CLTP075.jpg,1
94,CLTP041.jpeg,1
95,CLTP034.jpg,1
96,CLTP025.jpg,1
97,CLTP118A.jpg,1
98,CLTP150.jpg,1
99,CLTP248.jpg,1
100,CLTP174.jpeg,1
101,CLTP053A.jpeg,1
102,CLTP102.jpg,1
103,CLTP092.jpg,1
104,,1
